{"_id":{"$oid":"5e4ff1685e6575176107a75b"},"message":"The submission for the february month is delayed by 2 days , leaders has to submit the report asap","user":"admin"}
{"_id":{"$oid":"5e4ff1a55e6575176107a75c"},"user":"user1","message":"We are concentrating on the backend , willl be submiting within today"}
{"_id":{"$oid":"5e500c985d8cb96e45527a86"},"user":"admin","message":"ill be on time "}
{"_id":{"$oid":"5e500cb0d3a811bae93a45ce"},"user":"admin","message":"ill be on time "}
{"_id":{"$oid":"5e500cb4d3a811bae93a45cf"},"user":"admin","message":"xxxx"}
{"_id":{"$oid":"5e500cbad3a811bae93a45d0"},"user":"admin","message":"hell with you"}
{"_id":{"$oid":"5e501033d3a811bae93a45d1"},"user":"admin","message":"hello"}
{"_id":{"$oid":"5e50105ed3a811bae93a45d2"},"user":"admin","message":"poda bojay"}
{"_id":{"$oid":"5e5010bcd3a811bae93a45d3"},"user":"admin","message":"hell with you"}
